Group,Metric,Segment,Outcome
Control,75.97,Low,Negative
Control,70.89,Low,Negative
Control,77.18,High,Negative
Control,84.18,High,Positive
Control,70.13,High,Negative
Control,70.13,Medium,Negative
Control,84.63,Medium,Positive
Control,78.14,High,Positive
Control,68.24,Medium,Negative
Control,76.34,High,Negative
Control,68.29,High,Negative
Control,68.27,Medium,Negative
Control,73.94,High,Negative
Control,56.69,High,Negative
Control,58.2,Low,Negative
Control,67.5,High,Negative
Control,63.9,Medium,Negative
Control,74.51,High,Negative
Control,64.74,Medium,Negative
Control,60.7,High,Negative
Control,83.73,Medium,Positive
Control,70.19,Low,Negative
Control,72.54,High,Negative
Control,60.6,Low,Negative
Control,67.64,Medium,Negative
Control,72.89,High,Negative
Control,62.79,High,Negative
Control,75.01,Medium,Negative
Control,67.19,Medium,Negative
Control,69.67,Medium,Negative
Control,67.19,Low,Negative
Control,86.82,Medium,Positive
Control,71.89,Medium,Negative
Control,63.54,High,Negative
Control,78.58,High,Positive
Control,62.23,High,Negative
Control,73.67,Low,Negative
Control,56.32,Medium,Negative
Control,61.37,Low,Negative
Control,73.57,Medium,Negative
Control,77.91,Medium,Negative
Control,73.37,High,Negative
Control,71.07,Medium,Negative
Control,69.59,Low,Negative
Control,60.17,Low,Negative
Control,66.24,High,Negative
Control,68.31,Medium,Negative
Control,80.46,Low,Positive
Control,74.75,Low,Negative
Control,57.9,Medium,Negative
Control,74.59,Low,Negative
Control,68.92,High,Negative
Control,66.58,Medium,Negative
Control,76.89,Low,Negative
Control,80.25,Low,Positive
Control,79.45,High,Positive
Control,65.29,Medium,Negative
Control,69.53,Medium,Negative
Control,74.65,High,Negative
Control,79.8,High,Positive
Control,68.17,High,Negative
Control,70.51,High,Negative
Control,63.15,Medium,Negative
Control,62.43,Low,Negative
Control,78.5,High,Positive
Control,82.85,Medium,Positive
Control,71.42,Medium,Negative
Control,80.03,High,Positive
Control,74.89,Low,Negative
Control,66.84,Medium,Negative
Control,74.89,Low,Negative
Control,84.3,Medium,Positive
Control,71.71,Low,Negative
Control,84.52,Low,Positive
Control,51.04,Low,Negative
Control,78.58,Medium,Positive
Control,72.7,Medium,Negative
Control,69.61,Medium,Negative
Control,72.73,High,Negative
Control,56.1,Medium,Negative
Control,70.24,Low,Negative
Control,74.86,High,Negative
Control,83.82,Low,Positive
Control,67.85,High,Negative
Control,65.53,Low,Negative
Control,67.99,High,Negative
Control,79.32,Low,Positive
Control,74.63,High,Negative
Control,67.76,Medium,Negative
Control,76.11,High,Negative
Control,72.78,Low,Negative
Control,79.75,Medium,Positive
Control,66.38,High,Negative
Control,69.38,Medium,Negative
Control,68.86,Medium,Negative
Control,60.29,Medium,Negative
Control,74.37,Medium,Negative
Control,74.09,Medium,Negative
Control,72.04,Medium,Negative
Control,70.12,High,Negative
Control,60.68,Low,Negative
Control,68.63,Low,Negative
Control,69.26,High,Negative
Control,65.58,High,Negative
Control,70.71,Medium,Negative
Control,75.23,Medium,Negative
Control,87.09,Low,Positive
Control,73.4,Low,Negative
Control,74.06,Medium,Negative
Control,71.4,Medium,Negative
Control,56.65,Medium,Negative
Control,71.79,Low,Negative
Control,72.48,High,Negative
Control,91.71,High,Positive
Control,70.46,Medium,Negative
Control,74.41,Medium,Negative
Control,71.72,Medium,Negative
Control,62.65,High,Negative
Control,81.14,Medium,Positive
Control,78.02,Low,Positive
Control,78.33,High,Positive
Control,64.72,High,Negative
Control,83.22,High,Positive
Control,60.79,Medium,Negative
Control,76.69,Medium,Negative
Control,89.52,Medium,Positive
Control,64.08,High,Negative
Control,67.47,High,Negative
Control,72.8,Low,Negative
Control,67.97,Low,Negative
Control,59.59,Medium,Negative
Control,72.55,High,Negative
Control,63.5,High,Negative
Control,75.79,Low,Negative
Control,64.64,Medium,Negative
Control,84.4,Medium,Positive
Control,65.73,High,Negative
Control,69.42,High,Negative
Control,78.51,High,Positive
Control,62.15,Medium,Negative
Control,73.82,Medium,Negative
Control,82.46,Low,Positive
Control,59.14,Low,Negative
Control,73.48,High,Negative
Control,74.08,High,Negative
Control,78.25,High,Positive
Control,62.1,High,Negative
Control,61.44,Medium,Negative
Control,76.18,High,Negative
Control,74.38,High,Negative
Treatment,82.0,High,Positive
Treatment,82.77,Low,Positive
Treatment,74.56,Medium,Negative
Treatment,81.86,Low,Positive
Treatment,82.34,High,Positive
Treatment,74.29,Medium,Negative
Treatment,94.93,Low,Positive
Treatment,83.79,Medium,Positive
Treatment,70.47,Medium,Negative
Treatment,85.25,Medium,Positive
Treatment,72.2,Low,Negative
Treatment,86.3,Medium,Positive
Treatment,89.27,Medium,Positive
Treatment,73.43,High,Negative
Treatment,87.71,Medium,Positive
Treatment,83.3,High,Positive
Treatment,86.58,Medium,Positive
Treatment,95.17,Medium,Positive
Treatment,78.04,High,Positive
Treatment,73.97,Medium,Negative
Treatment,72.88,Low,Negative
Treatment,73.47,Low,Negative
Treatment,79.38,High,Positive
Treatment,82.73,Medium,Positive
Treatment,82.21,Medium,Positive
Treatment,86.62,Low,Positive
Treatment,80.1,Low,Positive
Treatment,91.63,Low,Positive
Treatment,77.88,Medium,Negative
Treatment,101.76,Medium,Positive
Treatment,85.01,Medium,Positive
Treatment,73.14,Medium,Negative
Treatment,71.43,High,Negative
Treatment,83.86,Medium,Positive
Treatment,78.21,Medium,Positive
Treatment,85.71,High,Positive
Treatment,83.79,Medium,Positive
Treatment,79.42,Medium,Positive
Treatment,73.23,High,Negative
Treatment,67.88,High,Negative
Treatment,76.43,Low,Negative
Treatment,86.85,High,Positive
Treatment,81.71,Medium,Positive
Treatment,70.03,Low,Negative
Treatment,81.39,Medium,Positive
Treatment,83.08,High,Positive
Treatment,72.93,Medium,Negative
Treatment,81.23,Medium,Positive
Treatment,80.47,Medium,Positive
Treatment,70.86,Low,Negative
Treatment,82.86,Low,Positive
Treatment,84.49,Low,Positive
Treatment,88.66,Low,Positive
Treatment,88.43,Low,Positive
Treatment,68.98,Low,Negative
Treatment,72.5,Medium,Negative
Treatment,84.12,Low,Positive
Treatment,84.11,Medium,Positive
Treatment,84.12,High,Positive
Treatment,110.82,Medium,Positive
Treatment,84.57,Medium,Positive
Treatment,89.08,Low,Positive
Treatment,87.63,Low,Positive
Treatment,85.21,Low,Positive
Treatment,77.48,Low,Negative
Treatment,86.07,Low,Positive
Treatment,73.82,Low,Negative
Treatment,78.11,Low,Positive
Treatment,76.12,Low,Negative
Treatment,80.65,Medium,Positive
Treatment,98.52,Low,Positive
Treatment,65.06,Medium,Negative
Treatment,85.49,Medium,Positive
Treatment,67.1,Medium,Negative
Treatment,76.22,Low,Negative
Treatment,88.71,High,Positive
Treatment,80.51,Medium,Positive
Treatment,71.38,Low,Negative
Treatment,74.28,High,Negative
Treatment,85.44,High,Positive
Treatment,74.16,Low,Negative
Treatment,81.73,Low,Positive
Treatment,80.36,High,Positive
Treatment,74.79,Medium,Negative
Treatment,97.15,Low,Positive
Treatment,85.07,Low,Positive
Treatment,63.8,Medium,Negative
Treatment,81.49,Medium,Positive
Treatment,74.71,Medium,Negative
Treatment,86.82,Medium,Positive
Treatment,73.66,Medium,Negative
Treatment,79.08,Medium,Positive
Treatment,84.04,Low,Positive
Treatment,86.93,Low,Positive
Treatment,70.4,Medium,Negative
Treatment,77.32,High,Negative
Treatment,76.2,Medium,Negative
Treatment,74.77,Medium,Negative
Treatment,94.12,Low,Positive
Treatment,83.24,Medium,Positive
Treatment,69.91,Medium,Negative
Treatment,87.34,Low,Positive
Treatment,96.98,Low,Positive
Treatment,88.26,Medium,Positive
Treatment,67.85,Low,Negative
Treatment,76.13,Medium,Negative
Treatment,90.14,Low,Positive
Treatment,74.34,Medium,Negative
Treatment,83.55,Low,Positive
Treatment,86.2,High,Positive
Treatment,72.58,Medium,Negative
Treatment,79.52,Medium,Positive
Treatment,54.07,High,Negative
Treatment,71.8,Medium,Negative
Treatment,77.98,Low,Negative
Treatment,70.02,Medium,Negative
Treatment,93.06,Medium,Positive
Treatment,68.56,Medium,Negative
Treatment,76.48,Medium,Negative
Treatment,81.05,Low,Positive
Treatment,91.53,Low,Positive
Treatment,68.51,Medium,Negative
Treatment,89.31,Medium,Positive
Treatment,80.08,Medium,Positive
Treatment,72.15,Medium,Negative
Treatment,83.7,High,Positive
Treatment,81.59,Medium,Positive
Treatment,75.2,Low,Negative
Treatment,80.56,Low,Positive
Treatment,76.92,Low,Negative
Treatment,80.91,Low,Positive
Treatment,85.3,Low,Positive
Treatment,92.69,Low,Positive
Treatment,70.1,Low,Negative
Treatment,97.06,Low,Positive
Treatment,64.38,High,Negative
Treatment,78.79,Low,Positive
Treatment,84.71,Medium,Positive
Treatment,82.25,Medium,Positive
Treatment,75.02,High,Negative
Treatment,78.34,Low,Positive
Treatment,76.06,Medium,Negative
Treatment,75.29,High,Negative
Treatment,86.8,High,Positive
Treatment,82.86,High,Positive
Treatment,74.46,Low,Negative
Treatment,87.2,Low,Positive
Treatment,82.46,Medium,Positive
Treatment,86.5,High,Positive
Treatment,85.04,Medium,Positive
